{
  "services": [
    {
      "id": 1,
      "slug": "pusat-layanan-masyarakat-surabaya",
      "name": "Pusat Layanan Masyarakat Kota Surabaya",
      "category": "Pendidikan",
      "description": [
        "Pusat Layanan Masyarakat Kota Surabaya adalah fasilitas terpadu yang didedikasikan untuk memberikan kemudahan akses layanan publik bagi seluruh warga. Kami berkomitmen untuk menyediakan pelayanan yang profesional, transparan, dan efisien.",
        "Kami mengintegrasikan berbagai layanan vital di bawah satu atap, termasuk layanan Administrasi (seperti pengurusan KTP, KK, dan perizinan), layanan Kesehatan (posyandu, konsultasi dasar, dan program preventif), serta layanan Pendidikan (informasi beasiswa, pendaftaran sekolah, dan perpustakaan mini).",
        "Tempat kami dirancang untuk kenyamanan publik, dilengkapi dengan ruang tunggu yang layak, sistem antrian digital, dan staf yang siap membantu. Tujuan kami adalah mewujudkan birokrasi yang cepat, mudah, dan melayani."
      ],
      "image": {
        "hero": "./asset/Image/layanan/Pusat-Layanan-Masyarakat-Kota-SBY/thumbnail.jpg",
        "thumbnail": "gambar.jpg"
      },
      "badge": {
        "text": "Layanan Terbaik 2023",
        "icon": "star"
      },
      "contact": {
        "whatsapp": {
          "label": "WhatsApp",
          "value": "+62 812-3456-7890",
          "icon": "message-circle"
        },
        "instagram": {
          "label": "Instagram",
          "value": "@layanankota_sby",
          "icon": "instagram"
        },
        "email": {
          "label": "Email",
          "value": "info@layanankota-sby.id",
          "icon": "mail"
        }
      },
      "quickInfo": [
        {
          "text": "Senin - Jumat, 08:00 - 16:00 WIB",
          "icon": "clock"
        },
        {
          "text": "Jl. Merdeka No. 45, Surabaya",
          "icon": "map-pin"
        },
        {
          "text": "Parkir tersedia gratis",
          "icon": "car"
        },
        {
          "text": "Akses difabel tersedia",
          "icon": "wheelchair"
        }
      ],
      "serviceInfo": {
        "operatingHours": {
          "title": "Jam Operasional",
          "icon": "clock",
          "main": "Senin - Jumat",
          "detail": "08:00 - 16:00 WIB",
          "note": "Sabtu: 08:00 - 12:00 WIB"
        },
        "location": {
          "title": "Lokasi",
          "icon": "map-pin",
          "main": "Jl. Merdeka No. 45",
          "detail": "Surabaya, Jawa Timur",
          "action": "Lihat di Peta"
        },
        "mainServices": {
          "title": "Layanan Utama",
          "icon": "clipboard-list",
          "services": [
            {
              "name": "Administrasi",
              "icon": "file-text"
            },
            {
              "name": "Kesehatan",
              "icon": "heart"
            },
            {
              "name": "Pendidikan",
              "icon": "graduation-cap"
            }
          ]
        },
        "facilities": {
          "title": "Fasilitas",
          "icon": "car",
          "items": [
            "Parkir Gratis",
            "Ruang Tunggu Nyaman",
            "Akses Difabel",
            "WiFi Gratis"
          ]
        },
        "emergencyContact": {
          "title": "Kontak Darurat",
          "icon": "phone-call",
          "main": "Hotline 24/7",
          "detail": "(031) 123-4567",
          "note": "Siap melayani kapanpun"
        },
        "timeEstimate": {
          "title": "Estimasi Waktu",
          "icon": "timer",
          "main": "15-30 Menit",
          "note": "Per layanan administrasi",
          "detail": "Dengan sistem antrian digital"
        },
        "rating": {
          "title": "Rating Layanan",
          "icon": "star",
          "score": "4.8/5.0",
          "stars": 5,
          "note": "Dari 2.450+ review pengguna"
        },
        "capacity": {
          "title": "Kapasitas Harian",
          "icon": "users",
          "main": "500+ Pengunjung",
          "note": "Melayani rata-rata per hari",
          "detail": "Dengan protokol kesehatan"
        }
      },
      "gallery": [
        {
          "id": 1,
          "src": "./asset/Image/layanan/Pusat-Layanan-Masyarakat-Kota-SBY/P-Pelayanan-1.jpg",
          "alt": "Layanan Administrasi 1"
        },
        {
          "id": 2,
          "src": "./asset/Image/layanan/Pusat-Layanan-Masyarakat-Kota-SBY/P-Pelayanan-2.jpg",
          "alt": "Layanan Administrasi 2"
        },
        {
          "id": 3,
          "src": "./asset/Image/layanan/Pusat-Layanan-Masyarakat-Kota-SBY/P-Pelayanan-3.jpg",
          "alt": "Layanan Administrasi 3"
        },
        {
          "id": 4,
          "src": "./asset/Image/layanan/Pusat-Layanan-Masyarakat-Kota-SBY/P-Pelayanan-4.jpg",
          "alt": "Layanan Administrasi 4"
        },
        {
          "id": 5,
          "src": "./asset/Image/layanan/Pusat-Layanan-Masyarakat-Kota-SBY/P-Pelayanan-5.jpg",
          "alt": "Layanan Administrasi 5"
        },
        {
          "id": 6,
          "src": "./asset/Image/layanan/Pusat-Layanan-Masyarakat-Kota-SBY/P-Pelayanan-6.jpg",
          "alt": "Layanan Administrasi 6"
        }
      ]
    },
    {
      "id": 2,
      "slug": "puskesmas-surabaya-pusat",
      "name": "Puskesmas Surabaya Pusat",
      "category": "Kesehatan",
      "description": [
        "Puskesmas Surabaya Pusat menyediakan layanan kesehatan komprehensif bagi masyarakat dengan fasilitas modern dan tenaga medis profesional.",
        "Kami menawarkan berbagai layanan termasuk pemeriksaan umum, imunisasi, kesehatan ibu dan anak, konsultasi gizi, serta layanan darurat 24 jam.",
        "Dilengkapi dengan laboratorium lengkap, apotek, dan ruang perawatan yang nyaman untuk memberikan pelayanan terbaik bagi kesehatan masyarakat."
      ],
      "image": {
        "hero": "./asset/Image/layanan/puskesmas-surabaya-pst/thumbnail.jpg",
        "thumbnail": "puskesmas.jpg"
      },
      "badge": {
        "text": "BPJS Terdaftar",
        "icon": "heart"
      },
      "contact": {
        "whatsapp": {
          "label": "WhatsApp",
          "value": "+62 813-4567-8901",
          "icon": "message-circle"
        },
        "instagram": {
          "label": "Instagram",
          "value": "@puskesmas_sby",
          "icon": "instagram"
        },
        "email": {
          "label": "Email",
          "value": "puskesmas@surabaya.go.id",
          "icon": "mail"
        }
      },
      "quickInfo": [
        {
          "text": "Setiap Hari, 07:00 - 21:00 WIB",
          "icon": "clock"
        },
        {
          "text": "Jl. Kesehatan No. 23, Surabaya",
          "icon": "map-pin"
        },
        {
          "text": "Parkir terbatas tersedia",
          "icon": "car"
        },
        {
          "text": "IGD 24 Jam",
          "icon": "ambulance"
        }
      ],
      "serviceInfo": {
        "operatingHours": {
          "title": "Jam Operasional",
          "icon": "clock",
          "main": "Setiap Hari",
          "detail": "07:00 - 21:00 WIB",
          "note": "IGD: 24 Jam"
        },
        "location": {
          "title": "Lokasi",
          "icon": "map-pin",
          "main": "Jl. Kesehatan No. 23",
          "detail": "Surabaya, Jawa Timur",
          "action": "Lihat di Peta"
        },
        "mainServices": {
          "title": "Layanan Utama",
          "icon": "clipboard-list",
          "services": [
            {
              "name": "Pemeriksaan Umum",
              "icon": "stethoscope"
            },
            {
              "name": "Imunisasi",
              "icon": "syringe"
            },
            {
              "name": "KIA",
              "icon": "baby"
            }
          ]
        },
        "facilities": {
          "title": "Fasilitas",
          "icon": "car",
          "items": ["Laboratorium", "Apotek", "IGD 24 Jam", "Ruang Perawatan"]
        },
        "emergencyContact": {
          "title": "Kontak Darurat",
          "icon": "phone-call",
          "main": "IGD 24 Jam",
          "detail": "(031) 765-4321",
          "note": "Siap melayani emergency"
        },
        "timeEstimate": {
          "title": "Estimasi Waktu",
          "icon": "timer",
          "main": "30-60 Menit",
          "note": "Per pasien umum",
          "detail": "Prioritas emergency"
        },
        "rating": {
          "title": "Rating Layanan",
          "icon": "star",
          "score": "4.6/5.0",
          "stars": 4,
          "note": "Dari 1.800+ review pengguna"
        },
        "capacity": {
          "title": "Kapasitas Harian",
          "icon": "users",
          "main": "300+ Pasien",
          "note": "Melayani rata-rata per hari",
          "detail": "Dengan tenaga medis profesional"
        }
      },
      "gallery": [
        {
          "id": 1,
          "src": "./asset/Image/layanan/puskesmas-surabaya-pst/puskesmas-1.jpg",
          "alt": "Ruang Periksa"
        },
        {
          "id": 2,
          "src": "./asset/Image/layanan/puskesmas-surabaya-pst/puskesmas-2.jpg",
          "alt": "Pintu Masuk"
        },
        {
          "id": 3,
          "src": "./asset/Image/layanan/puskesmas-surabaya-pst/puskesmas-3.jpg",
          "alt": "Loket Pendaftaran"
        },
        {
          "id": 4,
          "src": "./asset/Image/layanan/puskesmas-surabaya-pst/puskesmas-4.jpg",
          "alt": "Ruang Tunggu"
        },
        {
          "id": 5,
          "src": "./asset/Image/layanan/puskesmas-surabaya-pst/puskesmas-5.jpg",
          "alt": "Petugas dan Pasien"
        },
        {
          "id": 6,
          "src": "./asset/Image/layanan/puskesmas-surabaya-pst/puskesmas-6.jpg",
          "alt": "IGD 24 Jam"
        }
      ]
    },
    {
      "id": 3,
      "slug": "dinas-pendidikan-surabaya",
      "name": "Dinas Pendidikan Kota Surabaya",
      "category": "Pendidikan",
      "description": [
        "Dinas Pendidikan Kota Surabaya berkomitmen untuk meningkatkan kualitas pendidikan dan memberikan kemudahan akses layanan pendidikan bagi seluruh masyarakat.",
        "Kami menyediakan berbagai layanan termasuk pendaftaran sekolah, informasi beasiswa, bantuan pendidikan, konsultasi pendidikan, dan pengembangan kurikulum.",
        "Dengan sistem terintegrasi, kami memastikan setiap anak mendapatkan pendidikan yang berkualitas dan merata di seluruh wilayah Surabaya."
      ],
      "image": {
        "hero": "./asset/Image/layanan/Dinas-Pendidikan/thumbnail.jpg",
        "thumbnail": "diknas.jpg"
      },
      "badge": {
        "text": "Akses Pendidikan Merata",
        "icon": "graduation-cap"
      },
      "contact": {
        "whatsapp": {
          "label": "WhatsApp",
          "value": "+62 814-5678-9012",
          "icon": "message-circle"
        },
        "instagram": {
          "label": "Instagram",
          "value": "@diknas_surabaya",
          "icon": "instagram"
        },
        "email": {
          "label": "Email",
          "value": "diknas@surabaya.go.id",
          "icon": "mail"
        }
      },
      "quickInfo": [
        {
          "text": "Senin - Jumat, 08:00 - 15:00 WIB",
          "icon": "clock"
        },
        {
          "text": "Jl. Pendidikan No. 78, Surabaya",
          "icon": "map-pin"
        },
        {
          "text": "Layanan online tersedia",
          "icon": "globe"
        },
        {
          "text": "Konsultasi gratis",
          "icon": "users"
        }
      ],
      "serviceInfo": {
        "operatingHours": {
          "title": "Jam Operasional",
          "icon": "clock",
          "main": "Senin - Jumat",
          "detail": "08:00 - 15:00 WIB",
          "note": "Layanan Online: 24/7"
        },
        "location": {
          "title": "Lokasi",
          "icon": "map-pin",
          "main": "Jl. Pendidikan No. 78",
          "detail": "Surabaya, Jawa Timur",
          "action": "Lihat di Peta"
        },
        "mainServices": {
          "title": "Layanan Utama",
          "icon": "clipboard-list",
          "services": [
            {
              "name": "Pendaftaran Sekolah",
              "icon": "book-open"
            },
            {
              "name": "Beasiswa",
              "icon": "award"
            },
            {
              "name": "Konsultasi",
              "icon": "users"
            }
          ]
        },
        "facilities": {
          "title": "Fasilitas",
          "icon": "car",
          "items": [
            "Layanan Online",
            "Perpustakaan Mini",
            "Ruang Konsultasi",
            "WiFi Gratis"
          ]
        },
        "emergencyContact": {
          "title": "Kontak Darurat",
          "icon": "phone-call",
          "main": "Hotline Pendidikan",
          "detail": "(031) 888-9999",
          "note": "Untuk informasi mendesak"
        },
        "timeEstimate": {
          "title": "Estimasi Waktu",
          "icon": "timer",
          "main": "20-45 Menit",
          "note": "Per layanan konsultasi",
          "detail": "Pendaftaran online lebih cepat"
        },
        "rating": {
          "title": "Rating Layanan",
          "icon": "star",
          "score": "4.7/5.0",
          "stars": 5,
          "note": "Dari 3.200+ review pengguna"
        },
        "capacity": {
          "title": "Kapasitas Harian",
          "icon": "users",
          "main": "400+ Pengunjung",
          "note": "Melayani rata-rata per hari",
          "detail": "Plus layanan online 24/7"
        }
      },
      "gallery": [
        {
          "id": 1,
          "src": "./asset/Image/layanan/Dinas-Pendidikan/Din-Pendidikan-1.jpg",
          "alt": "Layanan Pendaftaran"
        },
        {
          "id": 2,
          "src": "./asset/Image/layanan/Dinas-Pendidikan/Din-Pendidikan-2.jpg",
          "alt": "Ruang Konsultasi Pendidikan"
        },
        {
          "id": 3,
          "src": "./asset/Image/layanan/Dinas-Pendidikan/Din-Pendidikan-3.jpg",
          "alt": "Fasilitas Perpustakaan Mini"
        },
        {
          "id": 4,
          "src": "./asset/Image/layanan/Dinas-Pendidikan/Din-Pendidikan-4.jpg",
          "alt": "Proses Administrasi Siswa"
        },
        {
          "id": 5,
          "src": "./asset/Image/layanan/Dinas-Pendidikan/Din-Pendidikan-5.jpg",
          "alt": "Antrian Digital"
        },
        {
          "id": 6,
          "src": "./asset/Image/layanan/Dinas-Pendidikan/Din-Pendidikan-6.jpg",
          "alt": "Petugas Memberi Layanan Informasi"
        }
      ]
    },
    {
      "id": 4,
      "slug": "disdukcapil-surabaya",
      "name": "Dinas Kependudukan dan Pencatatan Sipil Surabaya",
      "category": "Administrasi",
      "description": [
        "Disdukcapil Kota Surabaya berfokus pada pelayanan administrasi kependudukan yang cepat, akurat, dan mudah diakses oleh seluruh warga.",
        "Kami melayani pengurusan dokumen kependudukan seperti Kartu Tanda Penduduk (KTP-el), Kartu Keluarga (KK), Akta Kelahiran, Akta Kematian, dan Pindah Datang.",
        "Dengan inovasi layanan digital 'Klampid Surabaya', kami berupaya meminimalisir antrian dan memberikan kepastian waktu layanan."
      ],
      "image": {
        "hero": "./asset/Image/layanan/dinas-kependudukan/thumnail.jpg",
        "thumbnail": "disdukcapil.jpg"
      },
      "badge": {
        "text": "Layanan Digital",
        "icon": "globe"
      },
      "contact": {
        "whatsapp": {
          "label": "WhatsApp",
          "value": "+62 815-1122-3344",
          "icon": "message-circle"
        },
        "instagram": {
          "label": "Instagram",
          "value": "@disdukcapil_surabaya",
          "icon": "instagram"
        },
        "email": {
          "label": "Email",
          "value": "disdukcapil@surabaya.go.id",
          "icon": "mail"
        }
      },
      "quickInfo": [
        {
          "text": "Senin - Jumat, 07:30 - 15:30 WIB",
          "icon": "clock"
        },
        {
          "text": "Jl. Manyar Kertoarjo No. 6, Surabaya",
          "icon": "map-pin"
        },
        {
          "text": "Antrian Online",
          "icon": "smartphone"
        },
        {
          "text": "Area Parkir Luas",
          "icon": "car"
        }
      ],
      "serviceInfo": {
        "operatingHours": {
          "title": "Jam Operasional",
          "icon": "clock",
          "main": "Senin - Jumat",
          "detail": "07:30 - 15:30 WIB",
          "note": "Layanan Online Klampid 24/7"
        },
        "location": {
          "title": "Lokasi",
          "icon": "map-pin",
          "main": "Jl. Manyar Kertoarjo No. 6",
          "detail": "Surabaya, Jawa Timur",
          "action": "Lihat di Peta"
        },
        "mainServices": {
          "title": "Layanan Utama",
          "icon": "clipboard-list",
          "services": [
            {
              "name": "KTP-el & KIA",
              "icon": "user-card"
            },
            {
              "name": "Kartu Keluarga",
              "icon": "users"
            },
            {
              "name": "Akta Kelahiran",
              "icon": "award"
            }
          ]
        },
        "facilities": {
          "title": "Fasilitas",
          "icon": "car",
          "items": [
            "Antrian Digital",
            "Layanan Online",
            "Ruang Tunggu AC",
            "Pojok Baca"
          ]
        },
        "emergencyContact": {
          "title": "Kontak Darurat",
          "icon": "phone-call",
          "main": "Hotline Pengaduan",
          "detail": "(031) 503-1234",
          "note": "Untuk masalah layanan"
        },
        "timeEstimate": {
          "title": "Estimasi Waktu",
          "icon": "timer",
          "main": "30-60 Menit",
          "note": "Jika datang langsung",
          "detail": "Layanan online lebih cepat"
        },
        "rating": {
          "title": "Rating Layanan",
          "icon": "star",
          "score": "4.5/5.0",
          "stars": 4,
          "note": "Dari 4.100+ review pengguna"
        },
        "capacity": {
          "title": "Kapasitas Harian",
          "icon": "users",
          "main": "800+ Pengunjung",
          "note": "Melayani rata-rata per hari",
          "detail": "Dianjurkan via online"
        }
      },
      "gallery": [
        {
          "id": 1,
          "src": "./asset/Image/layanan/dinas-kependudukan/Din-Kedudukan-1.jpg",
          "alt": "Loket Layanan"
        },
        {
          "id": 2,
          "src": "./asset/Image/layanan/dinas-kependudukan/Din-Kedudukan-2.jpg",
          "alt": "Ruang Tunggu Layanan"
        },
        {
          "id": 3,
          "src": "./asset/Image/layanan/dinas-kependudukan/Din-Kedudukan-3.jpg",
          "alt": "Petugas Melayani Warga"
        },
        {
          "id": 4,
          "src": "./asset/Image/layanan/dinas-kependudukan/Din-Kedudukan-4.jpg",
          "alt": "Pengisian Formulir"
        },
        {
          "id": 5,
          "src": "./asset/Image/layanan/dinas-kependudukan/Din-Kedudukan-5.jpg",
          "alt": "Loket Konsultasi"
        },
        {
          "id": 6,
          "src": "./asset/Image/layanan/dinas-kependudukan/Din-Kedudukan-6.jpg",
          "alt": "Pojok Baca"
        }
      ]
    },
    {
      "id": 5,
      "slug": "satpol-pp-surabaya",
      "name": "Satuan Polisi Pamong Praja Kota Surabaya",
      "category": "Keamanan",
      "description": [
        "Satpol PP Kota Surabaya bertugas menegakkan Peraturan Daerah (Perda) dan Peraturan Kepala Daerah (Perkada), serta menjaga ketertiban umum dan ketenteraman masyarakat.",
        "Kami melakukan patroli rutin untuk memastikan ketertiban, melakukan penertiban terhadap pelanggaran, dan memberikan perlindungan kepada masyarakat.",
        "Dengan pendekatan yang humanis dan profesional, kami siap melayani pengaduan masyarakat 24 jam terkait gangguan ketertiban umum."
      ],
      "image": {
        "hero": "./asset/Image/layanan/satunan-polisi-pamong/thumbnail.jpg",
        "thumbnail": "satpolpp.jpg"
      },
      "badge": {
        "text": "Siaga 24 Jam",
        "icon": "shield"
      },
      "contact": {
        "whatsapp": {
          "label": "WhatsApp",
          "value": "+62 816-9911-2233",
          "icon": "message-circle"
        },
        "instagram": {
          "label": "Instagram",
          "value": "@satpolpp_surabaya",
          "icon": "instagram"
        },
        "email": {
          "label": "Email",
          "value": "satpolpp@surabaya.go.id",
          "icon": "mail"
        }
      },
      "quickInfo": [
        {
          "text": "Layanan 24 Jam",
          "icon": "clock"
        },
        {
          "text": "Jl. Jaksa Agung Suprapto No. 10, Surabaya",
          "icon": "map-pin"
        },
        {
          "text": "Patroli Rutin",
          "icon": "car"
        },
        {
          "text": "Layanan Pengaduan Cepat",
          "icon": "phone-call"
        }
      ],
      "serviceInfo": {
        "operatingHours": {
          "title": "Jam Operasional",
          "icon": "clock",
          "main": "Setiap Hari",
          "detail": "24 Jam",
          "note": "Kantor administrasi: 08:00 - 16:00"
        },
        "location": {
          "title": "Lokasi",
          "icon": "map-pin",
          "main": "Jl. Jaksa Agung Suprapto No. 10",
          "detail": "Surabaya, Jawa Timur",
          "action": "Lihat di Peta"
        },
        "mainServices": {
          "title": "Layanan Utama",
          "icon": "clipboard-list",
          "services": [
            {
              "name": "Patroli Keamanan",
              "icon": "shield"
            },
            {
              "name": "Penertiban Perda",
              "icon": "alert-triangle"
            },
            {
              "name": "Pengaduan Publik",
              "icon": "phone-call"
            }
          ]
        },
        "facilities": {
          "title": "Fasilitas",
          "icon": "car",
          "items": [
            "Pusat Komando 24 Jam",
            "Armada Patroli",
            "Ruang Pengaduan",
            "Personel Siaga"
          ]
        },
        "emergencyContact": {
          "title": "Kontak Darurat",
          "icon": "phone-call",
          "main": "Command Center 112",
          "detail": "112",
          "note": "Terintegrasi dengan layanan darurat kota"
        },
        "timeEstimate": {
          "title": "Estimasi Waktu",
          "icon": "timer",
          "main": "15-30 Menit",
          "note": "Waktu respon pengaduan",
          "detail": "Tergantung lokasi dan urgensi"
        },
        "rating": {
          "title": "Rating Layanan",
          "icon": "star",
          "score": "4.4/5.0",
          "stars": 4,
          "note": "Dari 1.500+ laporan warga"
        },
        "capacity": {
          "title": "Kapasitas Harian",
          "icon": "users",
          "main": "100+ Laporan",
          "note": "Melayani rata-rata per hari",
          "detail": "Didukung ratusan personel"
        }
      },
      "gallery": [
        {
          "id": 1,
          "src": "./asset/Image/layanan/satunan-polisi-pamong/polisi-1.jpg",
          "alt": "Briefing Petugas"
        },
        {
          "id": 2,
          "src": "./asset/Image/layanan/satunan-polisi-pamong/polisi-2.jpg",
          "alt": "Personel Siaga di Lapangan"
        },
        {
          "id": 3,
          "src": "./asset/Image/layanan/satunan-polisi-pamong/polisi-3.jpg",
          "alt": "Armada Patroli Satpol PP"
        },
        {
          "id": 4,
          "src": "./asset/Image/layanan/satunan-polisi-pamong/polisi-4.jpg",
          "alt": "Pengaduan Warga"
        },
        {
          "id": 5,
          "src": "./asset/Image/layanan/satunan-polisi-pamong/polisi-5.jpg",
          "alt": "Ruang Komando Satpol PP"
        },
        {
          "id": 6,
          "src": "./asset/Image/layanan/satunan-polisi-pamong/polisi-6.jpg",
          "alt": "Sosialisasi Penertiban Perda"
        }
      ]
    },
    {
      "id": 6,
      "slug": "dprkp-surabaya",
      "name": "Dinas Perumahan Rakyat dan Kawasan Permukiman",
      "category": "Perumahan",
      "description": [
        "DPRKP Surabaya bertanggung jawab atas penyediaan, pengelolaan, dan pengembangan perumahan rakyat yang layak huni, terutama bagi Masyarakat Berpenghasilan Rendah (MBR).",
        "Layanan kami meliputi pengelolaan Rumah Susun Sederhana Sewa (Rusunawa), program perbaikan Rumah Tidak Layak Huni (Rutilahu), serta penataan kawasan permukiman.",
        "Kami berkomitmen untuk mewujudkan lingkungan perumahan yang sehat, aman, dan terjangkau bagi seluruh warga Surabaya."
      ],
      "image": {
        "hero": "./asset/Image/layanan/Dinas-Perumahan-Rakyat",
        "thumbnail": "dprkp.jpg"
      },
      "badge": {
        "text": "Hunian Layak",
        "icon": "home"
      },
      "contact": {
        "whatsapp": {
          "label": "WhatsApp",
          "value": "+62 817-4455-6677",
          "icon": "message-circle"
        },
        "instagram": {
          "label": "Instagram",
          "value": "@dprkp_surabaya",
          "icon": "instagram"
        },
        "email": {
          "label": "Email",
          "value": "dprkp@surabaya.go.id",
          "icon": "mail"
        }
      },
      "quickInfo": [
        {
          "text": "Senin - Jumat, 08:00 - 15:00 WIB",
          "icon": "clock"
        },
        {
          "text": "Jl. Taman Surya No. 1, Surabaya",
          "icon": "map-pin"
        },
        {
          "text": "Info Rusunawa",
          "icon": "building"
        },
        {
          "text": "Program Rutilahu",
          "icon": "tool"
        }
      ],
      "serviceInfo": {
        "operatingHours": {
          "title": "Jam Operasional",
          "icon": "clock",
          "main": "Senin - Jumat",
          "detail": "08:00 - 15:00 WIB",
          "note": "Jam layanan kantor"
        },
        "location": {
          "title": "Lokasi",
          "icon": "map-pin",
          "main": "Jl. Taman Surya No. 1",
          "detail": "Surabaya, Jawa Timur",
          "action": "Lihat di Peta"
        },
        "mainServices": {
          "title": "Layanan Utama",
          "icon": "clipboard-list",
          "services": [
            {
              "name": "Pendaftaran Rusunawa",
              "icon": "home"
            },
            {
              "name": "Bantuan Rutilahu",
              "icon": "tool"
            },
            {
              "name": "Penataan Permukiman",
              "icon": "map"
            }
          ]
        },
        "facilities": {
          "title": "Fasilitas",
          "icon": "car",
          "items": [
            "Layanan Informasi",
            "Ruang Konsultasi",
            "Galeri Program",
            "Area Parkir"
          ]
        },
        "emergencyContact": {
          "title": "Kontak Darurat",
          "icon": "phone-call",
          "main": "Hotline Pengaduan",
          "detail": "(031) 531-2144",
          "note": "Untuk keluhan fasilitas rusun"
        },
        "timeEstimate": {
          "title": "Estimasi Waktu",
          "icon": "timer",
          "main": "Sesuai Antrian",
          "note": "Verifikasi data program",
          "detail": "Proses pendaftaran bisa online"
        },
        "rating": {
          "title": "Rating Layanan",
          "icon": "star",
          "score": "4.6/5.0",
          "stars": 4,
          "note": "Dari 1.200+ penerima manfaat"
        },
        "capacity": {
          "title": "Kapasitas Harian",
          "icon": "users",
          "main": "100+ Pengajuan",
          "note": "Melayani rata-rata per hari",
          "detail": "Verifikasi lapangan terjadwal"
        }
      },
      "gallery": [
        {
          "id": 1,
          "src": "./asset/Image/layanan/Dinas-Perumahan-Rakyat/perumahan-1.jpg",
          "alt": "Gedung Rusunawa"
        },
        {
          "id": 2,
          "src": "./asset/Image/layanan/Dinas-Perumahan-Rakyat/perumahan-2.jpg",
          "alt": "Layanan Konsultasi Permukiman"
        },
        {
          "id": 3,
          "src": "./asset/Image/layanan/Dinas-Perumahan-Rakyat/perumahan-3.jpg",
          "alt": "Area Informasi Program"
        },
        {
          "id": 4,
          "src": "./asset/Image/layanan/Dinas-Perumahan-Rakyat/perumahan-4.jpg",
          "alt": "Proses Pendaftaran di Loket"
        },
        {
          "id": 5,
          "src": "./asset/Image/layanan/Dinas-Perumahan-Rakyat/perumahan-5.jpg",
          "alt": "Ruangan Tunggu Rusunawa"
        },
        {
          "id": 6,
          "src": "./asset/Image/layanan/Dinas-Perumahan-Rakyat/perumahan-6.jpg",
          "alt": "Galeri Foto Program Bantuan"
        }
      ]
    }
  ],
  "categories": [
    {
      "id": 1,
      "name": "Pendidikan",
      "icon": "graduation-cap",
      "description": "Layanan pendidikan dan pelatihan"
    },
    {
      "id": 2,
      "name": "Administrasi",
      "icon": "file-text",
      "description": "Layanan administrasi kependudukan"
    },
    {
      "id": 3,
      "name": "Kesehatan",
      "icon": "heart",
      "description": "Layanan kesehatan dan medis"
    },
    {
      "id": 4,
      "name": "Perumahan",
      "icon": "home",
      "description": "Layanan perumahan dan properti"
    },
    {
      "id": 5,
      "name": "Keamanan",
      "icon": "shield",
      "description": "Layanan keamanan dan perlindungan"
    }
  ]
}
