[
  {
    "id": 1,
    "nama": "Pusat Layanan Masyarakat Kota Surabaya",
    "deskripsi": "Pusat Layanan Masyarakat Kota Surabaya adalah fasilitas terpadu yang didedikasikan untuk memberikan kemudahan akses layanan publik bagi seluruh warga. Kami berkomitmen untuk menyediakan pelayanan yang profesional, transparan, dan efisien.",
    "lokasi": "Jl. Merdeka No. 45, Surabaya",
    "icon": "graduation-cap",
    "kategori": "pendidikan",
    "image": "./asset/Image/layanan/Pusat-Layanan-Masyarakat-Kota-SBY/thumbnail.jpg"
  },
  {
    "id": 2,
    "nama": "Puskesmas Surabaya Pusat",
    "deskripsi": "Puskesmas Surabaya Pusat menyediakan layanan kesehatan komprehensif bagi masyarakat dengan fasilitas modern dan tenaga medis profesional.",
    "lokasi": "Jl. Kesehatan No. 23, Surabaya",
    "icon": "heart",
    "kategori": "kesehatan",
    "image": "./asset/Image/layanan/puskesmas-surabaya-pst/thumbnail.jpg"
  },
  {
    "id": 3,
    "nama": "Dinas Pendidikan Kota Surabaya",
    "deskripsi": "Dinas Pendidikan Kota Surabaya berkomitmen untuk meningkatkan kualitas pendidikan dan memberikan kemudahan akses layanan pendidikan bagi seluruh masyarakat.",
    "lokasi": "Jl. Pendidikan No. 78, Surabaya",
    "icon": "graduation-cap",
    "kategori": "pendidikan",
    "image": "./asset/Image/layanan/Dinas-Pendidikan/thumbnail.jpg"
  },
  {
    "id": 4,
    "nama": "Dinas Kependudukan dan Pencatatan Sipil Surabaya",
    "deskripsi": "Disdukcapil Kota Surabaya berfokus pada pelayanan administrasi kependudukan yang cepat, akurat, dan mudah diakses oleh seluruh warga.",
    "lokasi": "Jl. Manyar Kertoarjo No. 6, Surabaya",
    "icon": "file-text",
    "kategori": "administrasi",
    "image": "./asset/Image/layanan/dinas-kependudukan/thumnail.jpg"
  },
  {
    "id": 5,
    "nama": "Satuan Polisi Pamong Praja Kota Surabaya",
    "deskripsi": "Satpol PP Kota Surabaya bertugas menegakkan Peraturan Daerah (Perda) dan Peraturan Kepala Daerah (Perkada), serta menjaga ketertiban umum dan ketenteraman masyarakat.",
    "lokasi": "Jl. Jaksa Agung Suprapto No. 10, Surabaya",
    "icon": "shield",
    "kategori": "keamanan",
    "image": "./asset/Image/layanan/satunan-polisi-pamong/thumbnail.jpg"
  },
  {
    "id": 6,
    "nama": "Dinas Perumahan Rakyat dan Kawasan Permukiman",
    "deskripsi": "DPRKP Surabaya bertanggung jawab atas penyediaan, pengelolaan, dan pengembangan perumahan rakyat yang layak huni, terutama bagi Masyarakat Berpenghasilan Rendah (MBR).",
    "lokasi": "Jl. Taman Surya No. 1, Surabaya",
    "icon": "home",
    "kategori": "perumahan",
    "image": "./asset/Image/layanan/Dinas-Perumahan-Rakyat/thumbnail.jpg"
  }
]
