[
  {
    "id": 1,
    "name": "Kopi Senja Nusantara",
    "description": "Kopi Senja Nusantara berdiri sejak tahun 2015 di sebuah bangunan bersejarah peninggalan kolonial yang telah direnovasi dengan sentuhan modern tanpa menghilangkan nuansa aslinya. Awalnya, kedai ini didirikan oleh tiga sahabat pecinta kopi yang ingin mengangkat potensi biji kopi lokal Indonesia ke panggung nasional. Sejak awal berdirinya, setiap sudut ruangan masih mempertahankan tembok bata ekspos, jendela kayu besar dan koleksi foto-foto Bandung tempo dulu, memberikan suasana hangat, penuh cerita, dan nyaman bagi setiap pengunjung.<br><br>Salah satu keunikan Kopi Senja Nusantara adalah komitmennya untuk hanya menggunakan biji kopi terbaik yang dipetik langsung dari para petani di berbagai pelosok Nusantara, mulai Aceh, Toraja, hingga Papua. Proses roasting dilakukan di tempat secara terbuka, sehingga pengunjung dapat langsung menyaksikan transformasi biji kopi mentah menjadi racikan yang harum dan khas. Tak hanya menghadirkan kopi, Kopi Senja juga menyuguhkan berbagai makanan rumahan khas Indonesia yang diolah dari resep keluarga para pendiri.<br><br>Tempat ini juga sering menjadi titik temu para seniman, musisi, dan komunitas kreatif Bandung yang ingin berdiskusi, berkarya, atau sekadar menikmati senja bersama secangkir kopi. Acara musik akustik dan pameran seni rutin diadakan setiap bulannya, menjadikan Kopi Senja Nusantara bukan sekadar kedai kopi, melainkan ruang interaksi dan pelestarian budaya lokal. Ketika senja tiba, aroma kopi dan suara obrolan ramah akan mengingatkan Anda pada kehangatan rumah di tengah hiruk-pikuk kota.",
    "rating": 4.8,
    "reviewCount": 312,
    "heroImage": "./asset/Image/umkm/1/head.jpg",
    "categories": [
      { "name": "Coffee Shop", "icon": "coffee" },
      { "name": "Cafe", "icon": "cup-soda" }
    ],
    "contacts": [
      { "type": "phone", "value": "0812-8899-2211", "icon": "phone" },
      { "type": "instagram", "value": "@kopisenja", "icon": "instagram" },
      {
        "type": "address",
        "value": "Jl. Mawar No. 12, Bandung",
        "icon": "map-pin"
      }
    ],
    "info": [
      { "title": "Buka", "value": "08:00–22:00", "icon": "clock" },
      { "title": "Tipe", "value": "Non-Smoking, Indoor", "icon": "home" },
      { "title": "Pembayaran", "value": "Cash, QRIS", "icon": "wallet" }
    ],
    "features": [
      {
        "name": "Wi-Fi Gratis",
        "description": "Internet stabil untuk kerja atau belajar.",
        "icon": "wifi"
      },
      {
        "name": "Roastery",
        "description": "Biji kopi dipanggang langsung di tempat.",
        "icon": "flame"
      }
    ],
    "menu": [
      {
        "name": "Latte",
        "description": "Kombinasi espresso dan steamed milk.",
        "price": "28.000",
        "icon": "cup-soda"
      },
      {
        "name": "Americano",
        "description": "Espresso dengan air panas.",
        "price": "22.000",
        "icon": "cup-soda"
      },
      {
        "name": "Croissant",
        "description": "Pastry lembut panggang harian.",
        "price": "18.000",
        "icon": "croissant"
      }
    ],
    "gallery": [
      {
        "caption": "Kopi spesial",
        "image": "./asset/Image/umkm/1/coffe-1.jpg",
        "icon": "image"
      },
      {
        "caption": "Interior Warm",
        "image": "./asset/Image/umkm/1/coffe-2.jpg",
        "icon": "image"
      },
      {
        "caption": "Coffee",
        "image": "./asset/Image/umkm/1/coffe-3.jpg",
        "icon": "image"
      },
      {
        "caption": "Coffee",
        "image": "./asset/Image/umkm/1/coffe-4.jpg",
        "icon": "image"
      },
      {
        "caption": "Coffee",
        "image": "./asset/Image/umkm/1/coffe-5.jpg",
        "icon": "image"
      },
      {
        "caption": "Coffee",
        "image": "./asset/Image/umkm/1/coffe-6.jpg",
        "icon": "image"
      }
    ]
  },
  {
    "id": 2,
    "name": "Bakso Juara Malang",
    "description": "Bakso Juara Malang berawal dari sebuah kios kecil di sudut Jalan Ijen yang telah melayani para pecinta bakso sejak tahun 1998. Dengan resep turun-temurun asli keluarga, bakso di sini dibuat sepenuhnya homemade dari daging sapi segar yang dipilih setiap pagi oleh pemilik sendiri di pasar tradisional Malang, menjamin kualitas rasa dan tekstur kenyal yang tiada duanya.<br><br>Setiap mangkuk Bakso Juara Malang disajikan dengan kuah kaldu sapi bening hasil rebusan tulang dan rempah-rempah khas Jawa Timur selama berjam-jam. Uniknya, pelanggan bisa memilih beragam topping sesuai selera, mulai dari pentol urat, bakso halus, tahu isi, siomay, gorengan renyah, hingga sambal pedas legendaris khas Malang yang dibuat sendiri setiap hari.<br><br>Selain cita rasa yang otentik dan bahan baku premium, tempat ini juga dikenal akan keramahan pelayanannya serta suasana nostalgia yang mengingatkan banyak pengunjung pada masa kecil mereka menikmati bakso bersama keluarga. Area makan yang bersih dan nyaman, serta sentuhan dekorasi tempo dulu, menjadikan Bakso Juara Malang bukan hanya tempat makan, tetapi juga destinasi kuliner bersejarah yang telah menjadi bagian dari kehidupan masyarakat Malang selama lebih dari dua dekade.",
    "rating": 4.6,
    "reviewCount": 188,
    "heroImage": "./asset/Image/umkm/2/bakso.jpg",
    "categories": [
      { "name": "Kuliner", "icon": "utensils-crossed" },
      { "name": "Bakso", "icon": "beef" }
    ],
    "contacts": [
      { "type": "phone", "value": "0851-7712-3321", "icon": "phone" },
      {
        "type": "whatsapp",
        "value": "0851-7712-3321",
        "icon": "message-circle"
      },
      {
        "type": "address",
        "value": "Jl. Ijen No. 20, Malang",
        "icon": "map-pin"
      }
    ],
    "info": [
      { "title": "Buka", "value": "10:00–21:00", "icon": "clock" },
      { "title": "Delivery", "value": "GrabFood, GoFood", "icon": "bike" }
    ],
    "features": [
      {
        "name": "Daging Premium",
        "description": "Menggunakan daging sapi segar pilihan.",
        "icon": "badge-check"
      }
    ],
    "menu": [
      {
        "name": "Bakso Urat",
        "description": "Kenyal dengan rasa daging kuat.",
        "price": "20.000",
        "icon": "beef"
      },
      {
        "name": "Bakso Halus",
        "description": "Tekstur lembut dan gurih.",
        "price": "18.000",
        "icon": "beef"
      },
      {
        "name": "Bakso Mercon",
        "description": "Pedas meledak, favorit anak muda.",
        "price": "22.000",
        "icon": "flame"
      }
    ],
    "gallery": [
      {
        "caption": "Semangkuk Bakso",
        "image": "./asset/Image/umkm/2/bakso-1.jpg",
        "icon": "image"
      },
      {
        "caption": "Bakso Urat Favorit",
        "image": "./asset/Image/umkm/2/bakso-2.jpg",
        "icon": "image"
      },
      {
        "caption": "Gerobak Bakso",
        "image": "./asset/Image/umkm/2/bakso-3.jpg",
        "icon": "image"
      },
      {
        "caption": "Suasana Kedai",
        "image": "./asset/Image/umkm/2/bakso-4.jpg",
        "icon": "image"
      },
      {
        "caption": "Bakso Mercon Pedas",
        "image": "./asset/Image/umkm/2/bakso-5.jpg",
        "icon": "image"
      },
      {
        "caption": "Menu Komplit",
        "image": "./asset/Image/umkm/2/bakso-6.jpg",
        "icon": "image"
      }
    ]
  },
  {
    "id": 3,
    "name": "CraftyWood Studio",
    "description": "CraftyWood Studio adalah UMKM pengrajin kayu yang berlokasi di Yogyakarta dan berfokus pada pembuatan produk kayu handmade berkualitas tinggi.<br><br>Kami melayani pembuatan produk custom seperti meja, kursi, rak buku, serta dekorasi rumah sesuai kebutuhan dan selera pelanggan. Setiap pesanan dikerjakan secara detail dengan bahan kayu pilihan seperti jati, mahoni, dan pinus, sehingga menjamin ketahanan dan keindahan produk.<br><br>Selain menerima pemesanan individu, kami juga telah menangani berbagai proyek untuk kafe, kantor, dan hunian modern yang mengutamakan desain unik dan personalisasi. Komitmen kami adalah menghadirkan produk yang fungsional, estetik, dan ramah lingkungan untuk menunjang interior Anda.",
    "rating": 4.9,
    "reviewCount": 122,
    "heroImage": "./asset/Image/umkm/3/image.png",
    "categories": [
      { "name": "Kerajinan", "icon": "hammer" },
      { "name": "Furniture", "icon": "sofa" }
    ],
    "contacts": [
      { "type": "phone", "value": "0838-1122-4455", "icon": "phone" },
      { "type": "instagram", "value": "@craftywood.id", "icon": "instagram" },
      {
        "type": "address",
        "value": "Jl. Melati No. 5, Yogyakarta, Indonesia",
        "icon": "map-pin"
      }
    ],
    "info": [
      {
        "title": "Jenis Kayu",
        "value": "Jati, Mahoni, Pinus",
        "icon": "trees"
      },
      { "title": "Custom", "value": "Bisa request desain", "icon": "pencil" }
    ],
    "features": [
      {
        "name": "Kayu Oven",
        "description": "Anti rayap dan lembab.",
        "icon": "shield"
      }
    ],
    "menu": [
      {
        "name": "Rak Buku Minimalis",
        "description": "Kayu jati solid.",
        "price": "450.000",
        "icon": "book"
      },
      {
        "name": "Meja Belajar",
        "description": "Ukuran custom.",
        "price": "650.000",
        "icon": "ruler"
      }
    ],
    "gallery": [
      {
        "caption": "Workshop",
        "image": "./asset/Image/umkm/3/craftWood-1.jpg",
        "icon": "image"
      },
      {
        "caption": "Koleksi Produk",
        "image": "./asset/Image/umkm/3/craftWood-2.jpg",
        "icon": "box"
      },
      {
        "caption": "Detail Finishing",
        "image": "./asset/Image/umkm/3/craftWood-3.jpg",
        "icon": "layers"
      },
      {
        "caption": "Desain Custom",
        "image": "./asset/Image/umkm/3/craftWood-4.jpg",
        "icon": "pencil"
      },
      {
        "caption": "Proses Produksi",
        "image": "./asset/Image/umkm/3/craftWood-5.jpg",
        "icon": "settings"
      },
      {
        "caption": "Packaging",
        "image": "./asset/Image/umkm/3/craftWood-6.jpg",
        "icon": "package"
      }
    ]
  },
  {
    "id": 4,
    "name": "Lurik Nusantara",
    "description": "UMKM fashion lokal yang memproduksi kain lurik dan baju etnik modern khas Indonesia.",
    "rating": 4.7,
    "reviewCount": 176,
    "heroImage": "./asset/Image/umkm/4/image.png",
    "categories": [
      { "name": "Fashion", "icon": "shirt" },
      { "name": "Kain Lurik", "icon": "waves" }
    ],
    "contacts": [
      { "type": "phone", "value": "0812-3344-5566", "icon": "phone" },
      { "type": "instagram", "value": "@luriknusantara", "icon": "instagram" },
      {
        "type": "address",
        "value": "Jl. Batik No. 9, Solo",
        "icon": "map-pin"
      }
    ],
    "info": [
      {
        "title": "Jenis Produk",
        "value": "Kain Lurik, Busana Etnik, Aksesori",
        "icon": "tags"
      },
      {
        "title": "Ukuran",
        "value": "Tersedia all size & custom",
        "icon": "ruler"
      }
    ],
    "features": [
      {
        "name": "Bahan Alami",
        "description": "Menggunakan pewarna alami ramah lingkungan.",
        "icon": "leaf"
      },
      {
        "name": "Motif Tradisional",
        "description": "Motif lurik klasik dan modern.",
        "icon": "star"
      }
    ],
    "menu": [
      {
        "name": "Kain Lurik Meteran",
        "description": "Kain lurik tenun tradisional Jawa.",
        "price": "55.000 / meter",
        "icon": "waves"
      },
      {
        "name": "Baju Lurik Pria",
        "description": "Bahan adem, tersedia berbagai ukuran.",
        "price": "140.000",
        "icon": "shirt"
      },
      {
        "name": "Outer Lurik Wanita",
        "description": "Model modern, warna alami.",
        "price": "165.000",
        "icon": "shirt"
      }
    ],
    "gallery": [
      {
        "caption": "Toko & Workshop",
        "image": "./asset/Image/umkm/4/lurik-1.jpg",
        "icon": "image"
      },
      {
        "caption": "Koleksi Lurik Griya",
        "image": "./asset/Image/umkm/4/lurik-2.jpg",
        "icon": "image"
      },
      {
        "caption": "Busana Etnik",
        "image": "./asset/Image/umkm/4/lurik-3.jpg",
        "icon": "image"
      },
      {
        "caption": "Aksesoris & Craft",
        "image": "./asset/Image/umkm/4/lurik-4.jpg",
        "icon": "image"
      },
      {
        "caption": "Motif Klasik",
        "image": "./asset/Image/umkm/4/lurik-5.jpg",
        "icon": "image"
      },
      {
        "caption": "Custom Order",
        "image": "./asset/Image/umkm/4/lurik-6.jpg",
        "icon": "image"
      },
      {
        "caption": "Ekspresi Lain",
        "image": "./asset/Image/umkm/4/lurik-7.jpg",
        "icon": "image"
      }
    ]
  },
  {
    "id": 5,
    "name": "GlowSkin Aesthetic",
    "description": "GlowSkin Aesthetic menghadirkan produk skincare berkualitas tinggi, dirancang khusus untuk memenuhi kebutuhan berbagai jenis kulit. Setiap formula dikembangkan dengan pendekatan dermatology grade, memastikan keamanan dan efektivitas pada kulit sensitif.<br>Seluruh produk dibuat dari bahan-bahan pilihan yang telah teruji klinis dan bebas dari zat berbahaya seperti paraben. Keamanan produk juga dijamin dengan adanya sertifikasi resmi dari BPOM, sehingga dapat digunakan tanpa rasa khawatir.<br>Kami berkomitmen memberi solusi perawatan kulit yang tidak hanya aman, tetapi juga memberikan hasil optimal dalam mencerahkan, melembapkan, dan menjaga kesehatan kulit Anda setiap hari.",
    "rating": 4.7,
    "reviewCount": 289,
    "heroImage": "./asset/Image/umkm/5/image.png",
    "categories": [
      { "name": "Skincare", "icon": "droplet" },
      { "name": "Beauty", "icon": "sparkles" }
    ],
    "contacts": [
      { "type": "phone", "value": "0822-5454-1981", "icon": "phone" },
      { "type": "instagram", "value": "@glowskin.id", "icon": "instagram" }
    ],
    "info": [
      { "title": "Sertifikasi", "value": "BPOM", "icon": "badge-check" },
      {
        "title": "Jenis",
        "value": "Brightening, Acne Care",
        "icon": "sparkle"
      }
    ],
    "features": [
      {
        "name": "Non-Paraben",
        "description": "Aman untuk kulit sensitif.",
        "icon": "leaf"
      }
    ],
    "menu": [
      {
        "name": "Glow Serum",
        "description": "Mencerahkan kulit kusam.",
        "price": "85.000",
        "icon": "sun"
      },
      {
        "name": "Acne Treatment Gel",
        "description": "Meredakan jerawat cepat.",
        "price": "65.000",
        "icon": "droplet"
      }
    ],
    "gallery": [
      {
        "caption": "Packaging",
        "image": "./asset/Image/umkm/5/skinCare-1.jpg",
        "icon": "image"
      },
      {
        "caption": "Cleanser",
        "image": "./asset/Image/umkm/5/skinCare-2.jpg",
        "icon": "image"
      },
      {
        "caption": "Toner",
        "image": "./asset/Image/umkm/5/skinCare-3.jpg",
        "icon": "image"
      },
      {
        "caption": "Serum",
        "image": "./asset/Image/umkm/5/skinCare-4.jpg",
        "icon": "image"
      },
      {
        "caption": "Night Cream",
        "image": "./asset/Image/umkm/5/skinCare-5.jpg",
        "icon": "image"
      },
      {
        "caption": "Day Cream",
        "image": "./asset/Image/umkm/5/skinCare-6.jpg",
        "icon": "image"
      },
      {
        "caption": "Complete Set",
        "image": "./asset/Image/umkm/5/skinCare-7.jpg",
        "icon": "image"
      }
    ]
  },
  {
    "id": 6,
    "name": "TechFix Gadget Repair",
    "description": "Jasa servis smartphone, laptop, dan perangkat elektronik.",
    "rating": 4.9,
    "reviewCount": 157,
    "heroImage": "https://images.unsplash.com/photo-1517336714731-489689fd1ca8",
    "categories": [
      { "name": "Service", "icon": "tool" },
      { "name": "Technology", "icon": "cpu" }
    ],
    "contacts": [
      { "type": "phone", "value": "0813-4411-9002", "icon": "phone" },
      {
        "type": "address",
        "value": "Jl. Anggrek No. 9, Jakarta",
        "icon": "map-pin"
      }
    ],
    "info": [
      { "title": "Estimasi", "value": "1–3 hari", "icon": "timer" },
      { "title": "Garansi", "value": "30 hari", "icon": "shield-check" }
    ],
    "features": [
      {
        "name": "Sparepart Original",
        "description": "Kualitas tinggi dan bergaransi.",
        "icon": "layers"
      }
    ],
    "menu": [
      {
        "name": "Ganti Baterai",
        "description": "Smartphone & iPhone.",
        "price": "150.000",
        "icon": "battery"
      },
      {
        "name": "Reinstall OS",
        "description": "Windows / macOS.",
        "price": "120.000",
        "icon": "monitor"
      }
    ],
    "gallery": [
      {
        "caption": "GR-1",
        "image": "./asset/Image/umkm/5/skinCare-1.jpg",
        "icon": "image"
      },
      {
        "caption": "GR-2",
        "image": "./asset/Image/umkm/5/skinCare-2.jpg",
        "icon": "image"
      },
      {
        "caption": "GR-3",
        "image": "./asset/Image/umkm/5/skinCare-3.jpg",
        "icon": "image"
      },
      {
        "caption": "GR-4",
        "image": "./asset/Image/umkm/5/skinCare-4.jpg",
        "icon": "image"
      },
      {
        "caption": "GR-5",
        "image": "./asset/Image/umkm/5/skinCare-5.jpg",
        "icon": "image"
      },
      {
        "caption": "GR-6",
        "image": "./asset/Image/umkm/5/skinCare-6.jpg",
        "icon": "image"
      },
      {
        "caption": "GR-7",
        "image": "./asset/Image/umkm/5/skinCare-7.png",
        "icon": "image"
      }
    ]
  }
]
